loss,accuracy,Binary Acc,False Negatives,False Positives,True Positives,True Negatives,AUC,Precision,Recall,Specificty,Sensitivity,FPR,TPR,Model
0.06708364188671112,0.9783065319061279,0.96104496717453,13.0,154.0,2704.0,1416.0,0.9968218207359314,0.9019108414649963,0.9909027218818665,0.9461161651504548,0.9909027291812457,0.053883834849545134,0.9909027291812457,Resnet
0.044446948915719986,0.9825052618980408,0.9647772312164307,8.0,143.0,2715.0,1421.0,0.9980461001396179,0.9085677862167358,0.9944016933441162,0.9499650104968509,0.9944016794961511,0.05003498950314905,0.9944016794961511,VGG19
0.07175269722938538,0.9734079837799072,0.9227898716926575,14.0,317.0,2541.0,1415.0,0.9909113049507141,0.8169745802879333,0.9902029633522034,0.8890832750174947,0.9902029391182645,0.11091672498250525,0.9902029391182645,VGG16
0.06566207110881805,0.9783065319061279,0.9591789841651917,18.0,157.0,2701.0,1411.0,0.9977383017539978,0.8998724222183228,0.9874037504196167,0.9450664800559833,0.9874037788663401,0.054933519944016795,0.9874037788663401,Exception
0.4956207275390625,0.830650806427002,0.8045253753662109,67.0,771.0,2087.0,1362.0,0.9515826106071472,0.6385372877120972,0.9531140923500061,0.7302309307207837,0.9531140657802659,0.26976906927921623,0.9531140657802659,Efficient
0.06790569424629211,0.9755073189735413,0.9444835782051086,12.0,226.0,2632.0,1417.0,0.9970633387565613,0.8624467253684998,0.9916025400161743,0.9209237228831351,0.9916025192442267,0.07907627711686493,0.9916025192442267,Dense
